{
    "lr": 0.00011231645226737947,
    "batch_size": 32,
    "epochs": 776,
    "l1": 464,
    "l2": 384,
    "d1": 0.0017219977369544379,
    "d2": 0.3130648591016185,
    "weight_decay": 0.0001658132416243444,
    "activation": "relu"
}