prop,count
OHCond(mS/cm),51.18887393449978
EXP_IEC,31.515151515151512
WU(wt%),3.0303030303030303
Swelling(%),2.3032629558541267
TS(MPa),22.807017543859647
EB(%),12.269938650306749
IEC,74.82014388489209
YM(MPa),0.0
Tm,0.0
Methanol Permeability (10^-7 cm2s-1),0.0
Hydration Number,0.0
Td,0.0
Methanol Uptake,0.0
x,0.0
HCond(S/cm),0.0
